url,name,fgapg,fgpct,fgpg,ftapg,ftpct,ftpg,games,height,pfpg,ptspg,sospg,trbpg
/cbb/players/marvin-zaandam-1.html,Marvin Zaandam,0.4,.167,0.1,0.1,.500,0.1,15,6-8,0.2,0.3,-2.23,0.3
/cbb/players/henry-zabierik-1.html,Henry Zabierik,,,,,,,,,,,,
/cbb/players/kevin-zabo-1.html,Kevin Zabo,7.0,.398,2.8,2.0,.754,1.5,86,6-2,2.3,7.9,0.29,2.0
/cbb/players/alec-zaccardo-1.html,Alec Zaccardo,0.3,.500,0.2,0.0,,0.0,6,6-0,0.2,0.3,3.57,0.2
/cbb/players/dan-zachary-1.html,Dan Zachary,5.1,.446,2.3,2.5,.797,2.0,53,,3.1,6.5,0.83,2.2
/cbb/players/danny-zachary-1.html,Danny Zachary,0.3,.333,0.1,0.6,.500,0.3,10,5-11,0.4,0.5,9.97,0.3
/cbb/players/michael-zachary-1.html,Michael Zachary,0.6,.364,0.2,0.0,,0.0,17,6-3,0.2,0.5,-8.57,0.4
/cbb/players/randy-zachary-1.html,Randy Zachary,5.9,.412,2.4,2.0,.749,1.5,115,5-10,1.6,7.8,1.33,1.7
/cbb/players/richard-zacher-1.html,Richard Zacher,1.0,1.000,1.0,0.0,,0.0,1,6-4,0.0,2.0,-0.22,1.0
/cbb/players/nick-zachery-1.html,Nick Zachery,11.1,.418,4.6,2.3,.772,1.8,83,6-3,1.9,13.9,-2.76,2.7
/cbb/players/john-zachritz-1.html,John Zachritz,0.0,,0.0,0.0,,0.0,8,,0.4,0.0,-4.72,0.9
/cbb/players/scott-zack-1.html,Scott Zack,0.8,.444,0.4,0.4,.750,0.3,11,6-7,1.4,1.0,6.46,1.3
/cbb/players/steve-zack-1.html,Steve Zack,5.3,.470,2.5,2.0,.679,1.3,123,6-11,2.4,6.3,3.74,6.9
/cbb/players/jaeden-zackery-1.html,Jaeden Zackery,7.8,.488,3.8,2.5,.630,1.5,11,6-2,2.1,10.5,-1.90,2.5
/cbb/players/bill-zadel-1.html,Bill Zadel,2.9,.400,1.2,0.8,.500,0.4,19,6-4,1.6,2.7,-4.07,3.7
/cbb/players/gene-zadzilka-1.html,Gene Zadzilka,2.0,.250,0.5,0.3,.250,0.1,16,6-1,0.3,1.1,,
/cbb/players/manny-zafires-1.html,Manny Zafires,0.7,.250,0.2,0.0,,0.0,6,5-11,0.0,0.3,7.14,0.0
/cbb/players/petrolsav-zafirov-1.html,Petrolsav Zafirov,1.8,.271,0.5,0.2,.200,0.0,27,6-8,1.3,1.2,-5.36,0.6
/cbb/players/todd-zafirovski-1.html,Todd Zafirovski,0.4,.286,0.1,0.2,.250,0.1,20,6-9,0.3,0.3,8.68,0.3
/cbb/players/bill-zagar-1.html,Bill Zagar,0.8,.167,0.1,0.5,.500,0.3,8,,0.1,0.5,6.96,0.5
/cbb/players/mike-zagardo-1.html,Mike Zagardo,8.7,.590,5.1,4.4,.751,3.3,105,6-10,2.5,13.5,-0.82,7.8
/cbb/players/ron-zager-1.html,Ron Zager,8.3,.402,3.3,3.1,.675,2.1,38,,2.0,8.8,5.76,2.1
/cbb/players/chuck-zagozdon-1.html,Chuck Zagozdon,0.9,.429,0.4,0.6,.429,0.3,24,6-2,0.6,1.0,3.52,0.5
/cbb/players/kyle-zaharias-1.html,Kyle Zaharias,2.6,.448,1.2,1.2,.511,0.6,81,6-9,2.4,2.9,-7.72,3.2
/cbb/players/nick-zaharias-1.html,Nick Zaharias,1.0,.459,0.5,0.8,.816,0.7,61,6-7,0.9,1.6,-1.58,1.0
/cbb/players/adam-zahn-1.html,Adam Zahn,2.2,.444,1.0,0.9,.575,0.5,101,6-8,1.7,2.5,6.68,2.0
/cbb/players/alan-zahn-1.html,Alan Zahn,4.6,.455,2.1,1.8,.728,1.3,101,6-7,2.2,5.5,2.01,3.7
/cbb/players/andrew-zahn-1.html,Andrew Zahn,0.6,.667,0.4,0.3,.500,0.1,16,6-9,0.7,0.9,12.49,0.9
/cbb/players/_-zahn-1.html,_ Zahn,,,1.6,,,2.1,7,,,5.3,,
/cbb/players/andrew-zahora-1.html,Andrew Zahora,1.0,.000,0.0,0.0,,0.0,3,6-7,0.3,0.0,-4.04,0.3
/cbb/players/bob-zajac-1.html,Bob Zajac,1.5,.318,0.5,0.8,.515,0.4,43,6-2,0.2,1.4,-5.02,1.0
/cbb/players/craig-zajac-1.html,Craig Zajac,0.0,,0.0,0.0,,0.0,3,6-7,0.3,0.0,3.46,0.0
/cbb/players/ed-zajac-1.html,Ed Zajac,2.5,.463,1.2,1.2,.588,0.7,43,6-10,2.4,3.0,-7.82,3.5
/cbb/players/jon-zajac-1.html,Jon Zajac,5.7,.453,2.6,1.8,.537,0.9,117,6-7,,6.2,0.11,4.7
/cbb/players/richie-zajac-1.html,Richie Zajac,2.1,.409,0.9,1.5,.667,1.0,31,6-4,0.1,2.8,-7.01,1.1
/cbb/players/bob-zak-1.html,Bob Zak,3.1,.558,1.7,0.6,.625,0.4,14,6-6,1.1,3.8,-7.89,1.6
/cbb/players/dave-zak-1.html,Dave Zak,1.2,.227,0.3,1.1,.429,0.5,19,6-2,1.2,1.1,2.02,1.6
/cbb/players/jim-zak-1.html,Jim Zak,2.1,.333,0.7,0.9,.595,0.5,41,6-4,1.1,2.0,1.63,2.0
/cbb/players/mike-zak-1.html,Mike Zak,5.4,.340,1.9,1.8,.633,1.1,27,,,5.7,-8.90,1.4
/cbb/players/ted-zak-1.html,Ted Zak,2.6,.469,1.2,2.1,.513,1.1,19,,1.9,3.5,-1.32,5.0
/cbb/players/john-zakariassen-1.html,John Zakariassen,0.0,,0.0,1.0,.000,0.0,1,,0.0,0.0,3.25,1.0
/cbb/players/pavel-zakharov-1.html,Pavel Zakharov,1.1,.459,0.5,0.7,.591,0.4,33,7-0,0.7,1.5,2.04,0.8
/cbb/players/max-zakheim-1.html,Max Zakheim,1.0,.333,0.3,0.7,.500,0.3,3,5-11,0.0,1.3,-1.72,1.0
/cbb/players/mike-zaklan-1.html,Mike Zaklan,3.4,.421,1.4,1.7,.730,1.2,59,,1.8,4.1,-2.97,1.9
/cbb/players/casey-zakowski-1.html,Casey Zakowski,3.9,.395,1.5,0.8,.556,0.5,11,,0.6,3.5,-7.69,1.4
/cbb/players/steve-zakula-1.html,Steve Zakula,1.1,.368,0.4,1.2,.667,0.8,17,6-2,,1.6,-1.44,0.9
/cbb/players/matt-zalauskas-1.html,Matt Zalauskas,1.9,.390,0.7,1.3,.414,0.5,22,6-9,0.8,2.0,-5.61,1.4
/cbb/players/jim-zalenka-1.html,Jim Zalenka,5.4,.418,2.3,1.6,.662,1.0,97,6-7,,5.5,-1.73,3.1
/cbb/players/matt-zaleski-1.html,Matt Zaleski,6.7,.396,2.7,0.7,.632,0.5,94,6-1,1.3,6.9,-5.72,1.7
/cbb/players/bob-zaletal-1.html,Bob Zaletal,1.4,.435,0.6,0.6,.600,0.4,16,6-1,1.2,1.6,2.02,0.9
/cbb/players/joe-zaletel-1.html,Joe Zaletel,3.4,.447,1.5,1.5,.569,0.9,48,6-7,,3.9,7.47,2.6
/cbb/players/eric-zalewski-1.html,Eric Zalewski,0.1,.000,0.0,0.2,.000,0.0,9,6-0,0.1,0.0,11.13,0.2
/cbb/players/tom-zaliagiris-1.html,Tom Zaliagiris,4.0,.487,1.9,1.4,.587,0.8,100,6-5,1.4,4.7,8.04,1.3
/cbb/players/george-zalucki-1.html,George Zalucki,4.1,.472,1.9,1.4,.516,0.7,44,6-6,2.5,4.6,-2.01,6.0
/cbb/players/paulius-zalys-1.html,Paulius Zalys,7.1,.474,3.4,2.0,.689,1.4,120,6-7,2.3,8.7,-5.12,4.5
/cbb/players/mark-zamat-1.html,Mark Zamat,9.9,.447,4.4,2.0,.760,1.5,38,6-3,2.2,10.3,-5.25,3.2
/cbb/players/george-zambetti-1.html,George Zambetti,7.8,.455,3.5,3.0,.606,1.8,52,6-5,2.8,8.9,0.74,4.7
/cbb/players/ryan-zambie-1.html,Ryan Zambie,0.1,.000,0.0,0.3,.000,0.0,8,6-3,0.1,0.0,-3.91,0.4
/cbb/players/steve-zambo-1.html,Steve Zambo,12.4,.437,5.4,3.2,.725,2.3,16,,3.1,13.2,-7.08,2.6
/cbb/players/joe-zamborsky-1.html,Joe Zamborsky,2.3,.143,0.3,0.7,1.000,0.7,3,6-1,1.3,1.3,-2.89,0.3
/cbb/players/rod-zamor-1.html,Rod Zamor,6.1,.474,2.9,2.3,.645,1.5,55,6-5,1.9,7.4,-3.53,2.7
/cbb/players/adrian-zamora-1.html,Adrian Zamora,2.6,.424,1.1,1.1,.576,0.6,60,6-9,2.1,2.9,-4.54,3.2
/cbb/players/jojo-zamora-1.html,JoJo Zamora,5.9,.433,2.6,1.2,.769,0.9,67,6-2,1.3,7.2,0.97,1.5
/cbb/players/robert-zamora-1.html,Robert Zamora,1.0,.600,0.6,1.0,.600,0.6,5,6-3,1.0,1.8,0.35,1.0
/cbb/players/paolo-zamorano-1.html,Paolo Zamorano,0.6,.333,0.2,0.0,,0.0,14,6-3,0.4,0.6,0.00,0.0
/cbb/players/brian-zamore-1.html,Brian Zamore,1.1,.333,0.4,1.0,.505,0.5,103,6-8,1.7,1.2,-8.74,2.0
/cbb/players/alex-zampier-1.html,Alex Zampier,8.6,.397,3.4,3.1,.816,2.5,108,6-3,1.9,10.6,-4.58,2.3
/cbb/players/john-zampier-1.html,John Zampier,0.1,3.000,0.4,0.0,,0.6,38,6-0,0.1,1.4,0.73,1.1
/cbb/players/davide-zanbon-1.html,Davide Zanbon,3.0,.338,1.0,0.9,.625,0.6,27,,1.0,2.7,-1.60,2.2
/cbb/players/allyn-zanchi-1.html,Allyn Zanchi,0.5,.667,0.3,0.6,.429,0.3,12,6-9,0.9,0.9,-4.64,1.0
/cbb/players/dan-zanderson-1.html,Dan Zanderson,0.0,,0.0,0.0,,0.0,3,6-4,,0.0,-2.16,0.3
/cbb/players/len-zandy-1.html,Len Zandy,13.2,.420,5.6,2.7,.778,2.1,72,6-6,3.0,13.2,-4.22,6.8
/cbb/players/gene-zane-1.html,Gene Zane,2.2,.500,1.1,0.4,.500,0.2,9,6-2,0.8,2.4,,
/cbb/players/stewart-zane-1.html,Stewart Zane,1.0,.500,0.5,0.2,.500,0.1,12,,0.5,1.1,4.73,1.3
/cbb/players/stewart-zane-2.html,Stewart Zane,1.7,.400,0.7,0.3,.000,0.0,3,,1.0,1.3,-6.48,1.0
/cbb/players/matt-zaney-1.html,Matt Zaney,0.3,.500,0.1,0.5,.250,0.1,8,6-6,0.3,0.4,-3.01,0.6
/cbb/players/eugene-zang-1.html,Eugene Zang,3.4,.059,0.2,0.0,,0.0,5,5-9,0.6,0.4,,
/cbb/players/michael-zangari-1.html,Michael Zangari,3.8,.454,1.7,1.7,.675,1.2,123,6-9,2.1,4.7,0.66,3.4
/cbb/players/george-zaninovich-1.html,George Zaninovich,1.8,.355,0.6,0.4,.500,0.2,17,6-3,0.4,1.8,-5.38,0.6
/cbb/players/george-zaninovich-2.html,George Zaninovich,4.6,.337,1.6,2.5,.570,1.4,56,6-2,2.4,4.6,5.01,3.4
/cbb/players/nura-zanna-1.html,Nura Zanna,4.7,.543,2.5,3.0,.505,1.5,128,6-7,3.4,6.6,-5.17,6.1
/cbb/players/talib-zanna-1.html,Talib Zanna,5.5,.553,3.0,3.4,.650,2.2,135,6-9,2.1,8.3,6.86,6.0
/cbb/players/rudy-zannini-1.html,Rudy Zannini,2.6,.245,0.6,1.4,.577,0.8,57,5-7,1.3,2.1,1.91,0.4
/cbb/players/craig-zanon-1.html,Craig Zanon,6.9,.532,3.6,4.7,.798,3.7,97,6-6,2.4,11.0,-2.59,3.1
/cbb/players/rick-zanon-1.html,Rick Zanon,1.7,.438,0.7,1.2,.578,0.7,38,6-0,0.9,2.1,-2.04,0.7
/cbb/players/scott-zanon-1.html,Scott Zanon,7.9,.453,3.6,2.6,.801,2.1,103,6-0,1.1,10.5,-1.49,1.7
/cbb/players/pete-van-zant-1.html,Pete van Zant,1.4,.364,0.5,0.5,.250,0.1,8,,0.5,1.1,3.45,0.6
/cbb/players/john-zanzalari-1.html,John Zanzalari,6.0,.491,2.9,2.3,.622,1.4,67,6-6,2.1,7.3,-2.36,4.7
/cbb/players/tony-zanze-1.html,Tony Zanze,2.5,.343,0.9,1.2,.706,0.9,28,6-7,2.1,2.6,-8.69,2.1
/cbb/players/szymon-zapala-1.html,Szymon Zapala,0.9,.579,0.5,1.0,.522,0.5,22,6-11,1.0,1.5,1.75,1.5
/cbb/players/tommy-zapata-1.html,Tommy Zapata,3.7,.347,1.3,1.1,.742,0.8,105,6-3,1.0,4.0,0.31,1.7
/cbb/players/bill-zapp-1.html,Bill Zapp,4.3,.316,1.4,2.6,.553,1.4,55,6-4,2.4,4.1,1.95,6.0
/cbb/players/ermine-zappa-1.html,Ermine Zappa,12.7,.413,5.2,5.6,.736,4.1,25,6-4,2.6,14.6,-2.76,9.8
/cbb/players/ron-zappia-1.html,Ron Zappia,1.5,.333,0.5,1.0,.500,0.5,4,6-8,1.3,1.5,-2.55,1.3
/cbb/players/_-zaptor-1.html,_ Zaptor,0.0,,0.0,0.7,1.000,0.7,3,,0.3,0.7,-0.72,0.3
/cbb/players/gil-zaragoza-1.html,Gil Zaragoza,5.3,.444,2.3,2.3,.723,1.7,36,5-11,2.8,6.3,-0.23,2.7
/cbb/players/zack-zaragoza-1.html,Zack Zaragoza,2.6,.278,0.7,0.0,,0.0,7,6-4,1.0,2.0,-1.70,1.0
/cbb/players/joe-zaranka-1.html,Joe Zaranka,6.5,.386,2.5,0.8,.683,0.6,75,6-3,3.1,5.6,-7.91,2.9
/cbb/players/john-zaraoza-1.html,John Zaraoza,,,1.6,0.4,.500,0.2,5,6-1,0.0,3.4,3.92,
/cbb/players/morris-zarchen-1.html,Morris Zarchen,,,,,.000,,,,,,,
/cbb/players/stan-zardozny-1.html,Stan Zardozny,7.9,.434,3.4,2.1,.560,1.2,24,6-7,2.3,8.0,,
/cbb/players/andrew-zarechnak-1.html,Andrew Zarechnak,0.0,,0.0,0.0,,0.0,2,6-4,1.0,0.0,2.13,1.0
/cbb/players/nemanja-zarkovic-1.html,Nemanja Zarkovic,3.2,.335,1.1,0.5,.606,0.3,69,6-3,1.9,3.1,1.33,1.2
/cbb/players/bob-zarr-1.html,Bob Zarr,3.8,.403,1.5,2.0,.508,1.0,33,6-8,2.6,4.0,3.45,2.5
/cbb/players/jesse-zarzuela-1.html,Jesse Zarzuela,15.0,.364,5.5,3.2,.805,2.5,13,6-3,2.0,15.7,1.96,3.4
/cbb/players/max-zaslofsky-1.html,Max Zaslofsky,,,3.3,2.1,.579,1.2,18,6-2,,7.8,,
/cbb/players/eric-zastoupil-1.html,Eric Zastoupil,2.0,.442,0.9,0.9,.765,0.7,59,6-7,1.1,2.5,-6.28,1.7
/cbb/players/ed-zastrow-1.html,Ed Zastrow,5.6,.381,2.1,1.5,.649,1.0,25,,1.8,5.2,,1.3
/cbb/players/nate-zastrow-1.html,Nate Zastrow,2.9,.299,0.9,1.4,.823,1.1,106,6-0,0.8,3.5,-3.94,1.1
/cbb/players/butch-zatezalo-1.html,Butch Zatezalo,20.5,.410,8.4,8.1,.821,6.7,75,5-11,2.6,23.5,3.34,2.8
/cbb/players/rudy-zatezalo-1.html,Rudy Zatezalo,1.5,.333,0.5,0.0,,0.0,2,6-2,0.5,1.0,-0.39,0.0
/cbb/players/jeff-zatkoff-1.html,Jeff Zatkoff,11.8,.504,5.9,5.8,.730,4.2,81,6-9,2.6,16.1,-2.07,7.1
/cbb/players/johnny-zatopek-1.html,Johnny Zatopek,,,2.5,2.6,.724,1.9,22,6-5,2.1,7.0,,
/cbb/players/john-zatorski-1.html,John Zatorski,3.6,.350,1.3,1.9,.500,0.9,51,6-3,1.7,3.5,2.79,3.8
/cbb/players/ed-zausch-1.html,Ed Zausch,8.1,.393,3.2,2.3,.544,1.3,29,6-8,3.2,7.6,,9.6
/cbb/players/ed-zausch-2.html,Ed Zausch,0.0,,0.0,0.0,,0.0,1,,0.0,0.0,-0.98,1.0
/cbb/players/donatas-zavackas-1.html,Donatas Zavackas,6.2,.447,2.8,3.2,.807,2.6,118,6-8,2.7,9.3,4.98,4.4
/cbb/players/jeff-zavada-1.html,Jeff Zavada,5.2,.530,2.8,1.8,.706,1.2,58,6-9,1.3,6.8,-3.60,3.0
/cbb/players/jeff-zavada-2.html,Jeff Zavada,0.6,.545,0.3,0.1,.500,0.1,18,6-9,,0.7,3.39,0.8
/cbb/players/javier-zavala-1.html,Javier Zavala,4.6,.373,1.7,2.6,.722,1.9,51,6-0,2.5,5.9,1.78,2.6
/cbb/players/bob-zavorskas-1.html,Bob Zavorskas,2.9,.306,0.9,1.5,.541,0.8,25,,1.0,2.6,-11.74,1.2
/cbb/players/tom-zavorskas-1.html,Tom Zavorskas,7.3,.288,2.1,2.2,.624,1.4,54,5-10,2.2,5.5,-8.32,2.9
/cbb/players/ron-zawacki-1.html,Ron Zawacki,2.2,.667,1.5,1.0,1.067,1.1,15,5-11,1.5,4.0,-3.03,2.2
/cbb/players/ted-zawacki-1.html,Ted Zawacki,0.9,.378,0.4,1.1,.591,0.7,39,6-4,0.7,1.4,2.88,1.0
/cbb/players/ray-zawadzki-1.html,Ray Zawadzki,1.4,.362,0.5,0.9,.621,0.5,34,6-4,0.5,1.5,4.41,0.8
/cbb/players/joe-zawawacki-1.html,Joe Zawawacki,1.1,.091,0.1,0.1,.000,0.0,10,6-1,0.1,0.2,-1.02,0.7
/cbb/players/bob-zawoluk-1.html,Bob Zawoluk,16.4,.437,7.2,8.0,.732,5.8,90,6-6,3.1,20.2,5.06,12.3
/cbb/players/steve-zazuri-1.html,Steve Zazuri,0.8,.304,0.2,0.2,.538,0.1,70,6-2,1.9,0.6,-6.81,1.1
/cbb/players/frank-zazzaro-1.html,Frank Zazzaro,2.5,.461,1.1,1.1,.746,0.9,62,6-4,1.5,3.1,-0.93,1.9
/cbb/players/john-zazzaro-1.html,John Zazzaro,5.6,.402,2.2,1.7,.507,0.8,45,6-3,1.0,5.3,5.93,1.5
/cbb/players/bill-zban-1.html,Bill Zban,0.0,,0.0,0.0,,0.0,1,,2.0,0.0,-3.06,0.0
/cbb/players/dima-zdor-1.html,Dima Zdor,2.0,.556,1.1,1.3,.567,0.7,82,6-10,1.4,2.9,-4.20,3.0
/cbb/players/larry-zebrack-1.html,Larry Zebrack,1.5,.333,0.5,1.3,.600,0.8,4,6-0,0.3,1.8,-3.91,0.8
/cbb/players/aleksandar-zecevic-1.html,Aleksandar Zecevic,4.5,.540,2.4,0.8,.627,0.5,64,6-10,1.8,5.5,-1.50,4.1
/cbb/players/stefan-zecevic-1.html,Stefan Zecevic,0.5,.417,0.2,0.5,.200,0.1,22,6-6,0.4,0.5,-0.31,0.6
/cbb/players/gene-zech-1.html,Gene Zech,1.6,.444,0.7,0.5,.222,0.1,17,6-6,1.2,1.5,-2.31,1.8
/cbb/players/patrick-zeck-1.html,Patrick Zeck,2.5,.588,1.5,1.0,.756,0.7,46,6-7,2.3,3.7,-4.75,3.5
/cbb/players/mike-zedalis-1.html,Mike Zedalis,11.4,.595,6.8,7.1,.731,5.2,58,,5.0,18.8,,
/cbb/players/marcus-zegarowski-1.html,Marcus Zegarowski,10.5,.471,5.0,2.3,.772,1.8,92,6-2,1.9,14.1,8.91,3.5
/cbb/players/tyler-zegarzewski-1.html,Tyler Zegarzewski,0.7,.750,0.5,0.0,,0.0,6,6-6,0.0,1.3,-5.17,0.2
/cbb/players/joe-zeglinski-1.html,Joe Zeglinski,13.5,.379,5.1,2.6,.690,1.8,135,6-0,2.5,14.9,-5.05,4.5
/cbb/players/sammy-zeglinski-1.html,Sammy Zeglinski,7.3,.369,2.7,1.1,.674,0.8,121,6-1,2.0,7.8,6.34,3.1
/cbb/players/zack-zeglinski-1.html,Zack Zeglinski,1.6,.273,0.4,0.9,.500,0.4,7,5-11,1.1,1.3,-6.04,1.1
/cbb/players/andrew-zehnder-1.html,Andrew Zehnder,0.5,.625,0.3,0.3,.250,0.1,16,6-3,0.8,0.8,5.90,0.3
/cbb/players/todd-zehner-1.html,Todd Zehner,0.5,.500,0.3,0.0,,0.0,4,,0.0,0.5,8.73,0.3
/cbb/players/john-zeides-1.html,John Zeides,9.2,.454,4.2,2.1,.667,1.4,60,6-1,1.6,9.7,3.45,2.0
/cbb/players/_-zeiff-1.html,_ Zeiff,,,,,,,,,,,-12.05,
/cbb/players/dick-zeiger-1.html,Dick Zeiger,2.9,.356,1.0,1.6,.655,1.1,36,6-5,1.6,3.1,6.72,3.4
/cbb/players/bo-zeigler-1.html,Bo Zeigler,4.4,.561,2.5,1.5,.455,0.7,124,6-6,2.6,5.6,3.08,3.4
/cbb/players/dave-zeigler-1.html,Dave Zeigler,15.4,.476,7.3,2.1,.865,1.8,43,6-4,2.4,16.5,-2.85,3.5
/cbb/players/davin-zeigler-1.html,Davin Zeigler,2.3,.279,0.6,1.2,.703,0.9,30,6-3,1.3,2.3,-1.09,1.3
/cbb/players/demitrius-zeigler-1.html,Demitrius Zeigler,1.6,.222,0.4,0.7,.167,0.1,17,6-3,0.8,0.9,-8.73,0.8
/cbb/players/derrick-zeigler-1.html,Derrick Zeigler,6.9,.357,2.5,3.9,.568,2.2,104,6-5,,7.4,-1.42,4.7
/cbb/players/ernie-zeigler-2.html,Ernie Zeigler,7.0,.349,2.4,1.1,.719,0.8,28,6-6,2.4,5.7,-4.78,3.9
/cbb/players/gordon-zeigler-1.html,Gordon Zeigler,3.3,.268,0.9,0.7,.167,0.1,17,6-1,0.9,1.9,-6.28,2.2
/cbb/players/kenny-zeigler-1.html,Kenny Zeigler,6.0,.455,2.7,2.9,.693,2.0,115,6-6,2.5,7.6,-3.89,6.3
/cbb/players/levelle-zeigler-1.html,Levelle Zeigler,10.0,.386,3.9,3.1,.682,2.1,7,6-1,1.1,10.9,1.41,1.9
/cbb/players/marcus-zeigler-1.html,Marcus Zeigler,4.2,.375,1.6,1.5,.724,1.1,52,5-11,1.6,5.0,10.25,1.5
/cbb/players/mitchell-zeigler-1.html,Mitchell Zeigler,2.4,.583,1.4,1.0,.500,0.5,10,6-7,1.1,3.3,0.02,1.5
/cbb/players/omar-zeigler-1.html,Omar Zeigler,1.9,.467,0.9,0.4,.333,0.1,8,6-6,1.0,2.0,0.62,2.1
/cbb/players/trey-zeigler-1.html,Trey Zeigler,10.3,.436,4.5,4.3,.547,2.4,127,6-5,2.4,11.7,1.73,4.6
/cbb/players/zakai-zeigler-1.html,Zakai Zeigler,6.1,.384,2.3,1.5,.778,1.2,12,5-9,1.3,6.8,5.10,1.5
/cbb/players/nic-zeil-1.html,Nic Zeil,0.5,.214,0.1,0.5,.750,0.3,26,6-8,0.5,0.6,9.07,0.7
/cbb/players/don-zeiler-1.html,Don Zeiler,1.0,.000,0.0,0.7,1.000,0.7,3,,1.0,0.7,-4.52,0.7
/cbb/players/nick-zeisloft-1.html,Nick Zeisloft,4.8,.423,2.0,0.6,.838,0.5,128,6-4,1.6,6.3,4.90,2.2
/cbb/players/dick-zeitler-1.html,Dick Zeitler,3.5,.403,1.4,1.6,.623,1.0,67,5-11,1.4,3.8,-2.63,1.0
/cbb/players/bill-zeits-1.html,Bill Zeits,4.8,.410,2.0,1.3,.663,0.8,68,6-3,1.4,4.8,1.10,1.8
/cbb/players/branimir-zeko-1.html,Branimir Zeko,1.6,.413,0.7,0.3,.625,0.2,28,6-8,0.9,1.5,-5.52,1.6
/cbb/players/ray-zelek-1.html,Ray Zelek,9.4,.334,3.2,4.1,.682,2.8,64,6-5,3.6,9.1,-3.26,9.6
/cbb/players/ted-zelek-1.html,Ted Zelek,3.5,.345,1.2,0.9,.636,0.6,25,6-2,1.5,3.0,-2.38,2.2
/cbb/players/andrej-zelenbaba-1.html,Andrej Zelenbaba,1.6,.377,0.6,1.3,.735,1.0,37,6-8,0.6,2.4,0.30,1.4
/cbb/players/jovan-zelenbaba-1.html,Jovan Zelenbaba,4.6,.375,1.7,1.3,.707,0.9,69,6-4,1.9,5.1,-0.76,2.3
/cbb/players/norm-zelenko-1.html,Norm Zelenko,8.3,.383,3.2,3.4,.720,2.4,37,6-2,2.0,8.8,-8.67,5.1
/cbb/players/frank-zelesnik-1.html,Frank Zelesnik,10.1,.419,4.2,4.3,.648,2.8,41,6-2,2.7,11.2,-3.20,4.5
/cbb/players/dick-zelickson-1.html,Dick Zelickson,9.2,.356,3.3,1.9,.706,1.3,58,6-3,3.0,7.7,-7.87,3.6
/cbb/players/jack-zelinger-1.html,Jack Zelinger,2.0,.500,1.0,0.0,,0.0,1,6-2,0.0,2.0,-4.41,0.0
/cbb/players/_-zelinski-1.html,_ Zelinski,,,6.2,4.4,.682,3.0,5,,1.4,15.4,-13.49,
/cbb/players/andrew-zelis-1.html,Andrew Zelis,1.6,.525,0.8,0.6,.381,0.2,38,6-11,1.3,1.8,-1.45,1.8
/cbb/players/maros-zeliznak-1.html,Maros Zeliznak,1.5,.504,0.8,0.9,.356,0.3,84,6-11,1.4,1.8,-4.36,1.9
/cbb/players/cody-zeller-1.html,Cody Zeller,9.4,.592,5.5,6.6,.756,5.0,72,7-0,2.5,16.1,8.09,7.3
/cbb/players/dave-zeller-1.html,Dave Zeller,12.8,.445,5.7,6.5,.762,5.0,66,6-0,3.1,16.3,2.22,3.3
/cbb/players/gary-zeller-1.html,Gary Zeller,9.5,.381,3.6,3.4,.581,2.0,60,6-2,2.3,9.2,3.82,2.6
/cbb/players/luke-zeller-1.html,Luke Zeller,3.7,.417,1.5,0.5,.574,0.3,128,6-11,1.6,4.2,6.85,2.5
/cbb/players/marty-zeller-1.html,Marty Zeller,2.7,.450,1.2,1.4,.529,0.8,48,6-6,1.9,3.2,3.07,3.1
/cbb/players/tyler-zeller-1.html,Tyler Zeller,8.6,.543,4.7,4.5,.775,3.5,117,7-0,2.3,12.8,8.85,6.7
/cbb/players/ed-zello-1.html,Ed Zello,0.4,.333,0.1,0.0,,0.0,7,6-8,0.0,0.3,-1.85,0.3
/cbb/players/damian-zellous-1.html,Damian Zellous,4.5,.398,1.8,1.5,.816,1.2,52,6-1,1.7,5.7,-8.49,1.4
/cbb/players/joseph-zemba-1.html,Joseph Zemba,,.154,,,.000,,,,,,,
/cbb/players/steve-zemba-1.html,Steve Zemba,1.2,.381,0.4,0.4,.500,0.2,18,6-5,0.9,1.1,-3.48,0.7
/cbb/players/dick-zembal-1.html,Dick Zembal,8.5,.476,4.0,3.7,.735,2.7,77,6-3,1.5,10.8,-3.40,7.1
/cbb/players/john-zembron-1.html,John Zembron,2.0,.416,0.8,0.6,.682,0.4,39,6-6,1.1,2.0,-7.70,1.5
/cbb/players/deividas-zemgulis-1.html,Deividas Zemgulis,1.6,.343,0.6,0.3,.696,0.2,67,6-6,0.8,1.6,7.88,1.1
/cbb/players/deivis-zemgulis-1.html,Deivis Zemgulis,0.8,.500,0.4,0.0,,0.0,8,6-6,0.4,1.0,11.51,0.6
/cbb/players/bob-zender-1.html,Bob Zender,8.4,.448,3.8,3.3,.727,2.4,78,6-7,2.7,10.0,3.79,6.1
/cbb/players/ben-zenevich-1.html,Ben Zenevich,2.6,.377,1.0,1.4,.493,0.7,53,5-10,1.5,2.6,0.53,1.6
/cbb/players/martin-zeno-1.html,Martin Zeno,10.6,.472,5.0,5.8,.760,4.4,130,6-5,2.0,14.7,7.61,4.8
/cbb/players/michael-zeno-1.html,Michael Zeno,4.7,.396,1.9,2.2,.564,1.3,122,6-6,1.7,5.0,-6.41,3.1
/cbb/players/michael-zeno-2.html,Michael Zeno,5.3,.434,2.3,1.6,.687,1.1,92,6-9,1.8,6.0,5.40,4.6
/cbb/players/tony-zeno-1.html,Tony Zeno,10.4,.466,4.8,2.4,.742,1.8,112,6-8,3.0,11.4,4.93,7.5
/cbb/players/guy-zenou-1.html,Guy Zenou,4.6,.452,2.1,1.2,.688,0.8,27,6-7,1.0,5.2,-5.12,2.4
/cbb/players/mike-zepeda-1.html,Mike Zepeda,1.7,.500,0.8,0.5,.667,0.3,13,6-10,1.2,2.0,-0.62,1.4
/cbb/players/keil-zepernick-1.html,Keil Zepernick,1.5,.556,0.8,1.0,1.000,1.0,6,6-11,1.0,2.7,-7.30,2.7
/cbb/players/bryce-zephir-1.html,Bryce Zephir,1.5,.500,0.8,0.5,.500,0.3,4,6-4,0.0,2.0,5.30,0.8
/cbb/players/buf-zephir-1.html,Buf Zephir,0.8,.459,0.4,0.5,.520,0.3,46,,0.8,0.8,,
/cbb/players/timothy-zephyr-1.html,Timothy Zephyr,3.1,.403,1.2,0.5,.632,0.3,79,6-8,2.1,2.8,-7.79,2.0
/cbb/players/bill-zepplin-1.html,Bill Zepplin,2.3,.436,1.0,0.4,.556,0.2,24,,1.4,2.2,-4.68,2.5
/cbb/players/neven-zeravica-1.html,Neven Zeravica,0.8,.833,0.6,0.2,.667,0.1,16,6-9,0.6,1.4,-1.14,0.9
/cbb/players/chris-zerbe-1.html,Chris Zerbe,1.0,.543,0.5,0.6,.571,0.3,36,6-5,0.1,1.4,9.19,0.7
/cbb/players/paul-zeringue-1.html,Paul Zeringue,0.0,,0.0,0.0,,0.0,2,6-2,0.0,0.0,-5.79,0.0
/cbb/players/jeff-zern-1.html,Jeff Zern,1.8,.450,0.8,0.9,.636,0.6,99,6-9,1.4,2.2,3.41,1.4
/cbb/players/michael-zernich-1.html,Michael Zernich,7.2,.550,3.9,3.7,1.080,4.0,71,,2.6,11.9,2.36,7.2
/cbb/players/bill-zersen-1.html,Bill Zersen,2.3,.304,0.7,0.9,.556,0.5,10,6-0,1.0,1.9,-1.88,2.0
/cbb/players/_-zerwas-1.html,_ Zerwas,1.5,.400,0.6,0.6,.700,0.4,17,,1.2,1.6,2.01,0.9
/cbb/players/peter-zestermann-1.html,Peter Zestermann,0.7,.200,0.1,0.3,.250,0.1,15,,0.0,0.3,4.29,0.7
/cbb/players/_-zetz-2.html,_ Zetz,,,,,,,,,,,-4.95,
/cbb/players/al-zetzsche-1.html,Al Zetzsche,10.6,.455,4.8,4.9,.788,3.9,73,6-3,2.7,13.5,3.71,6.0
/cbb/players/phil-zevenbergen-1.html,Phil Zevenbergen,7.6,.501,3.8,3.5,.721,2.5,66,6-10,2.3,10.1,4.90,6.2
/cbb/players/thomas-zevgaras-1.html,Thomas Zevgaras,1.2,.619,0.7,0.8,.400,0.3,18,6-9,1.5,1.8,-1.67,1.2
/cbb/players/kevin-zhang-1.html,Kevin Zhang,5.6,.377,2.1,1.0,.733,0.7,60,6-10,1.8,5.8,3.59,2.3
/cbb/players/max-zhang-1.html,Max Zhang,1.4,.644,0.9,1.3,.500,0.7,42,7-3,1.6,2.5,7.74,1.7
/cbb/players/alex-zhao-1.html,Alex Zhao,0.5,.000,0.0,0.0,,0.0,4,6-6,0.0,0.0,8.90,0.3
/cbb/players/zurabi-zhgenti-1.html,Zurabi Zhgenti,4.6,.383,1.8,0.9,.583,0.5,13,6-9,1.9,4.5,9.72,3.0
/cbb/players/andrew-zidar-1.html,Andrew Zidar,7.7,.453,3.5,1.7,.643,1.1,100,6-8,2.1,8.6,-6.54,5.3
/cbb/players/george-zidek-1.html,George Zidek,5.4,.520,2.8,2.1,.744,1.5,104,7-0,2.7,7.1,8.91,4.2
/cbb/players/jan-zidek-1.html,Jan Zidek,7.5,.423,3.2,1.7,.837,1.4,52,6-9,1.6,9.1,2.88,3.0
/cbb/players/malte-ziegenhagen-1.html,Malte Ziegenhagen,1.9,.297,0.6,0.1,.500,0.1,19,6-5,1.0,1.7,-1.61,0.4
/cbb/players/jerry-ziegenhorn-1.html,Jerry Ziegenhorn,2.1,.364,0.8,1.0,.563,0.6,16,6-0,1.0,2.1,-6.54,1.4
/cbb/players/bob-ziegler-1.html,Bob Ziegler,9.5,.491,4.7,4.7,.706,3.3,73,6-3,2.1,12.7,4.89,4.9
/cbb/players/don-ziegler-1.html,Don Ziegler,1.9,.276,0.5,1.0,.682,0.7,64,6-2,0.5,1.8,3.97,1.0
/cbb/players/don-ziegler-2.html,Don Ziegler,5.9,.269,1.6,2.3,.584,1.3,34,,2.3,4.5,-6.39,3.6
/cbb/players/fritz-ziegler-1.html,Fritz Ziegler,8.0,.381,3.0,1.6,.670,1.1,61,6-5,1.3,7.2,5.33,6.0
/cbb/players/karl-ziegler-1.html,Karl Ziegler,6.8,.499,3.4,3.5,.752,2.7,65,6-5,2.4,9.5,-5.33,3.9
/cbb/players/lonnie-ziegler-1.html,Lonnie Ziegler,0.8,.636,0.5,0.2,.000,0.0,13,6-6,0.5,1.1,0.54,0.5
/cbb/players/m-ziegler-1.html,M Ziegler,,,,,,,,,,,7.09,
/cbb/players/rick-ziegler-1.html,Rick Ziegler,1.8,.360,0.6,0.4,.333,0.1,14,6-2,0.4,1.4,0.52,0.8
/cbb/players/ron-ziegler-1.html,Ron Ziegler,5.9,.380,2.2,1.9,.657,1.3,35,,2.4,5.7,-5.31,5.7
/cbb/players/todd-ziegler-1.html,Todd Ziegler,1.3,.511,0.7,0.7,.500,0.4,67,6-7,0.7,1.7,4.97,1.4
/cbb/players/travis-ziegler-1.html,Travis Ziegler,0.8,.308,0.2,0.6,.500,0.3,17,6-6,0.2,0.8,9.73,0.3
/cbb/players/matt-zielenbach-1.html,Matt Zielenbach,0.6,.222,0.1,0.1,.000,0.0,14,6-2,0.8,0.3,5.41,0.3
/cbb/players/frank-zielinski-1.html,Frank Zielinski,3.9,.418,1.6,2.2,.770,1.7,28,6-7,2.1,5.1,-0.66,3.3
/cbb/players/jerry-zielinski-1.html,Jerry Zielinski,16.7,.480,8.0,3.6,.881,3.2,73,6-4,2.3,19.2,-1.08,7.0
/cbb/players/maciej-zielinski-1.html,Maciej Zielinski,2.3,.398,0.9,0.7,.720,0.5,70,6-8,,2.7,8.56,1.2
/cbb/players/russ-ziemba-1.html,Russ Ziemba,0.5,.444,0.2,0.3,1.000,0.3,18,6-7,0.6,0.8,-5.71,0.9
/cbb/players/steve-ziemian-1.html,Steve Ziemian,2.9,.418,1.2,1.5,.758,1.1,62,6-1,0.7,3.8,-8.02,1.5
/cbb/players/chris-zier-1.html,Chris Zier,1.8,.517,0.9,1.0,.563,0.5,33,6-7,2.2,2.4,-3.72,3.1
/cbb/players/isaiah-zierden-1.html,Isaiah Zierden,5.0,.402,2.0,1.4,.870,1.2,114,6-2,1.2,6.7,7.40,2.1
/cbb/players/larry-zigerelli-1.html,Larry Zigerelli,5.1,.454,2.3,2.7,.683,1.8,76,5-9,2.8,6.5,-6.05,1.7
/cbb/players/matt-zignorski-1.html,Matt Zignorski,2.3,.356,0.8,0.5,.720,0.3,109,6-2,0.7,2.4,-4.86,0.8
/cbb/players/tim-ziko-1.html,Tim Ziko,2.3,.339,0.8,0.9,.565,0.5,26,6-7,2.2,2.0,-2.37,3.4
/cbb/players/chris-zikos-1.html,Chris Zikos,0.4,.273,0.1,0.9,.667,0.6,31,5-9,0.8,0.8,-3.74,0.5
/cbb/players/giacomo-zilli-1.html,Giacomo Zilli,2.5,.529,1.3,1.4,.693,1.0,83,6-9,1.6,3.6,-5.00,2.3
/cbb/players/jim-zilli-1.html,Jim Zilli,0.0,,0.0,0.0,,0.0,2,,0.5,0.0,-7.35,0.5
/cbb/players/greg-zilverberg-1.html,Greg Zilverberg,1.3,.538,0.7,0.5,.400,0.2,10,6-4,0.8,1.6,6.56,0.5
/cbb/players/stanley-zima-1.html,Stanley Zima,2.9,.840,2.5,1.1,1.056,1.1,51,6-1,0.5,6.1,-5.80,2.3
/cbb/players/andrew-zimbro-1.html,Andrew Zimbro,0.4,.333,0.1,0.3,1.000,0.3,7,6-5,0.0,0.6,-4.01,0.4
/cbb/players/ken-zimko-1.html,Ken Zimko,1.4,.143,0.2,0.2,.000,0.0,5,,0.6,0.4,-0.79,0.4
/cbb/players/bill-zimmer-1.html,Bill Zimmer,1.8,.250,0.4,1.3,.667,0.9,9,,,1.8,4.77,0.7
/cbb/players/jason-zimmer-1.html,Jason Zimmer,0.0,,0.0,0.0,,0.0,2,6-10,,0.0,-1.48,0.0
/cbb/players/adam-zimmerman-1.html,Adam Zimmerman,0.5,.333,0.2,0.0,.000,0.0,36,5-10,0.4,0.4,1.42,0.3
/cbb/players/arnie-zimmerman-1.html,Arnie Zimmerman,6.5,.333,2.2,2.7,.667,1.8,11,6-0,2.4,6.2,-2.57,1.7
/cbb/players/ben-zimmerman-1.html,Ben Zimmerman,1.7,.316,0.5,0.5,.500,0.3,11,6-4,0.6,1.4,-2.31,0.5
/cbb/players/chris-zimmerman-1.html,Chris Zimmerman,1.0,.280,0.3,0.5,.917,0.4,25,5-9,,1.1,-6.76,0.6
/cbb/players/dave-zimmerman-1.html,Dave Zimmerman,2.2,.000,0.0,0.5,.667,0.3,6,6-1,1.0,0.3,5.05,1.5
/cbb/players/derrick-zimmerman-1.html,Derrick Zimmerman,5.2,.477,2.5,2.6,.600,1.6,127,6-3,2.1,6.9,7.33,3.3
/cbb/players/dick-zimmerman-3.html,Dick Zimmerman,0.9,.174,0.2,0.2,.667,0.2,26,6-0,0.3,0.5,-2.03,
/cbb/players/don-zimmerman-1.html,Don Zimmerman,,.154,,,.583,,,6-0,,,4.17,
/cbb/players/fred-zimmerman-1.html,Fred Zimmerman,3.8,.278,1.0,1.5,.656,1.0,21,6-2,1.0,3.1,-9.20,1.5
/cbb/players/gerald-zimmerman-1.html,Gerald Zimmerman,12.4,.397,4.9,3.1,.701,2.2,56,6-6,,14.1,0.89,4.8
/cbb/players/jack-zimmerman-1.html,Jack Zimmerman,12.0,.486,5.9,2.1,.795,1.6,111,6-3,1.8,13.4,2.75,3.2
/cbb/players/jack-zimmerman-2.html,Jack Zimmerman,1.6,.412,0.7,0.8,.600,0.5,43,6-1,1.1,1.8,-0.68,
/cbb/players/james-zimmerman-1.html,James Zimmerman,8.8,.391,3.4,1.9,.707,1.3,66,6-5,2.1,9.5,8.25,6.0
/cbb/players/jason-zimmerman-1.html,Jason Zimmerman,8.4,.430,3.6,2.6,.815,2.1,115,6-2,,11.0,-5.09,2.8
/cbb/players/jim-zimmerman-1.html,Jim Zimmerman,1.3,.375,0.5,0.1,.600,0.1,36,,0.2,1.1,5.78,0.5
/cbb/players/joe-zimmerman-1.html,Joe Zimmerman,1.3,.400,0.5,0.5,.625,0.3,16,6-5,0.6,1.3,4.85,0.6
/cbb/players/pete-zimmerman-1.html,Pete Zimmerman,1.1,.300,0.3,0.7,.474,0.3,28,,0.8,1.0,4.13,0.5
/cbb/players/rodney-zimmerman-1.html,Rodney Zimmerman,2.0,.590,1.2,0.9,.505,0.5,112,6-9,1.9,2.9,8.67,2.9
/cbb/players/scott-zimmerman-1.html,Scott Zimmerman,1.5,.517,0.8,0.5,.667,0.3,20,6-7,,1.9,-6.18,1.4
/cbb/players/stephen-zimmermanjr-1.html,Stephen Zimmerman,8.2,.477,3.9,3.9,.624,2.4,26,7-0,3.0,10.5,3.17,8.7
/cbb/players/thurman-zimmerman-1.html,Thurman Zimmerman,10.2,.496,5.1,6.1,.752,4.6,116,6-5,3.0,15.3,-9.95,7.8
/cbb/players/todd-zimmerman-1.html,Todd Zimmerman,2.4,.461,1.1,1.5,.625,0.9,48,6-4,1.2,3.5,-7.15,1.5
/cbb/players/todd-zimmerman-2.html,Todd Zimmerman,0.0,,0.0,1.0,.333,0.3,3,6-4,1.3,0.3,4.55,0.7
/cbb/players/andrew-zimmermann-1.html,Andrew Zimmermann,3.2,.445,1.4,1.1,.577,0.6,103,6-9,2.2,3.5,3.67,2.5
/cbb/players/frank-zimmovan-1.html,Frank Zimmovan,7.0,.332,2.3,2.5,.513,1.3,64,6-3,3.0,5.9,-0.47,5.7
/cbb/players/alex-zimnickas-1.html,Alex Zimnickas,3.3,.451,1.5,1.3,.605,0.8,113,6-8,2.3,3.9,-5.61,2.0
/cbb/players/greg-zimny-1.html,Greg Zimny,0.5,.375,0.2,0.3,.500,0.1,16,6-1,0.4,0.5,-0.55,0.4
/cbb/players/bogdan-zimonjic-1.html,Bogdan Zimonjic,2.2,.450,1.0,0.7,.667,0.4,9,6-5,0.4,2.9,-3.98,0.9
/cbb/players/scott-zimos-1.html,Scott Zimos,0.9,.091,0.1,0.3,.667,0.2,12,6-6,0.2,0.3,2.26,0.9
/cbb/players/ted-zimowicz-1.html,Ted Zimowicz,0.7,.333,0.2,0.7,.667,0.4,9,6-4,0.7,0.9,4.14,0.3
/cbb/players/david-zingg-1.html,David Zingg,1.7,.387,0.7,0.5,.694,0.3,72,6-3,0.7,1.7,2.37,0.5
/cbb/players/john-zinirich-1.html,John Zinirich,1.0,.000,0.0,0.0,,0.0,2,6-5,0.0,0.0,-2.19,0.5
/cbb/players/dave-zink-1.html,Dave Zink,2.1,.447,0.9,1.0,.609,0.6,45,6-6,1.2,2.5,6.52,3.1
/cbb/players/nevin-zink-1.html,Nevin Zink,4.5,.595,2.7,2.9,.648,1.9,93,6-9,2.8,7.2,-5.17,4.5
/cbb/players/gary-zinkgraf-1.html,Gary Zinkgraf,1.1,.450,0.5,1.1,.439,0.5,38,6-7,0.7,1.4,8.15,1.4
/cbb/players/chuck-zinky-1.html,Chuck Zinky,8.0,.365,2.9,1.4,.778,1.1,13,6-7,2.6,6.9,-0.72,5.0
/cbb/players/jim-zinn-1.html,Jim Zinn,9.6,.344,3.3,3.8,.680,2.6,65,6-7,3.2,9.2,-1.61,12.7
/cbb/players/rob-zinn-1.html,Rob Zinn,10.0,.437,4.4,2.4,.774,1.8,56,6-4,,12.2,-5.77,4.0
/cbb/players/terry-zinn-1.html,Terry Zinn,0.7,.462,0.3,0.3,.500,0.2,19,,,0.8,-6.76,0.6
/cbb/players/walt-zinn-1.html,Walt Zinn,0.0,,0.0,0.8,.750,0.6,5,,0.2,0.6,1.83,0.2
/cbb/players/paul-zinser-1.html,Paul Zinser,1.9,.350,0.7,1.6,.500,0.8,21,6-1,5.8,2.1,-0.80,1.1
/cbb/players/bill-zinsky-1.html,Bill Zinsky,9.3,.383,3.5,3.8,.656,2.5,24,6-4,2.9,9.5,-7.36,8.0
/cbb/players/jim-zinsky-1.html,Jim Zinsky,4.7,.401,1.9,1.5,.770,1.1,41,6-3,0.6,4.9,-3.58,2.2
/cbb/players/mark-ziolko-1.html,Mark Ziolko,0.6,.200,0.1,0.4,.500,0.2,24,6-8,0.6,0.5,0.00,1.3
/cbb/players/john-zipp-1.html,John Zipp,0.8,.421,0.3,0.4,.808,0.3,70,6-6,0.7,1.0,0.54,1.3
/cbb/players/marty-zippel-1.html,Marty Zippel,10.6,.404,4.3,4.3,.752,3.2,29,6-2,3.2,11.8,,
/cbb/players/_-zippel-1.html,_ Zippel,12.0,.364,4.4,5.7,.699,4.0,20,,3.7,12.7,,
/cbb/players/jon-ziri-1.html,Jon Ziri,4.9,.355,1.8,1.6,.542,0.8,113,6-2,2.1,4.9,2.08,3.7
/cbb/players/morton-zisk-1.html,Morton Zisk,0.2,.000,0.0,0.2,1.000,0.2,9,,0.3,0.2,-6.32,0.4
/cbb/players/alexander-ziskunov-1.html,Alexander Ziskunov,2.0,.433,0.9,1.5,.423,0.6,52,6-10,2.8,2.4,3.77,2.5
/cbb/players/matt-zitani-1.html,Matt Zitani,1.2,.420,0.5,0.1,.600,0.1,42,6-7,1.0,1.2,6.93,0.9
/cbb/players/fred-zitar-1.html,Fred Zitar,11.2,.537,6.0,5.4,.690,3.7,50,,3.5,15.7,-0.90,11.8
/cbb/players/lou-ziter-1.html,Lou Ziter,3.8,.467,1.8,1.1,.667,0.8,8,6-3,0.9,4.3,-7.49,2.6
/cbb/players/bill-zito-1.html,Bill Zito,2.8,.091,0.3,0.8,.333,0.3,4,,1.0,0.8,2.03,2.5
/cbb/players/john-zito-1.html,John Zito,8.5,.439,3.7,4.2,.498,2.1,100,6-6,2.1,9.8,-6.33,4.9
/cbb/players/ales-zivanovic-1.html,Ales Zivanovic,2.1,.464,1.0,0.8,.697,0.6,40,6-10,1.4,2.5,4.45,1.6
/cbb/players/lazar-zivanovic-1.html,Lazar Zivanovic,1.7,.462,0.8,0.6,.429,0.3,23,6-7,1.2,1.9,3.88,0.5
/cbb/players/milos-zivanovic-1.html,Milos Zivanovic,0.7,.350,0.2,0.4,.435,0.2,57,6-11,0.8,0.7,2.22,1.0
/cbb/players/mitar-zivanovic-1.html,Mitar Zivanovic,0.5,.333,0.2,0.2,.000,0.0,12,7-1,0.8,0.3,3.89,0.8
/cbb/players/luka-zivkovic-1.html,Luka Zivkovic,1.6,.283,0.5,0.2,.667,0.1,28,6-8,1.0,1.4,3.25,0.7
/cbb/players/chris-zivney-1.html,Chris Zivney,3.2,.363,1.2,1.1,.738,0.8,56,6-0,1.0,4.0,-8.74,1.3
/cbb/players/tyler-zivney-1.html,Tyler Zivney,1.5,.450,0.7,0.2,1.000,0.2,13,6-2,0.2,2.0,-6.89,0.6
/cbb/players/lubo-zizakovic-1.html,Lubo Zizakovic,1.0,.000,0.0,4.0,.250,1.0,1,6-8,0.0,1.0,7.74,1.0
/cbb/players/nikola-zizic-1.html,Nikola Zizic,2.6,.602,1.6,0.8,.458,0.3,32,6-11,1.5,3.5,-4.04,2.9
/cbb/players/jay-ziznewski-1.html,Jay Ziznewski,2.6,.494,1.3,1.6,.383,0.6,30,6-6,1.3,3.1,3.81,3.4
/cbb/players/steve-zlko-1.html,Steve Zlko,3.1,.441,1.4,1.4,.697,1.0,54,6-1,0.8,3.8,2.32,0.8
/cbb/players/drazen-zlovaric-1.html,Drazen Zlovaric,5.3,.500,2.6,1.1,.542,0.6,107,6-9,1.6,5.9,1.26,3.6
/cbb/players/aaron-zobrist-1.html,Aaron Zobrist,7.2,.421,3.0,1.7,.842,1.4,112,6-1,1.6,9.6,2.23,2.5
/cbb/players/john-zoccali-1.html,John Zoccali,2.9,.330,1.0,1.2,.657,0.8,30,6-10,1.6,2.7,-6.21,2.2
/cbb/players/alex-zock-1.html,Alex Zock,9.0,.444,4.0,0.0,,0.0,1,,,9.0,-0.95,5.0
/cbb/players/roger-zoeller-1.html,Roger Zoeller,6.1,.405,2.5,2.7,.667,1.8,67,6-0,1.8,6.8,0.27,2.8
/cbb/players/kirsten-zoellner-1.html,Kirsten Zoellner,4.7,.483,2.3,2.6,.505,1.3,75,7-1,2.3,5.8,0.90,4.1
/cbb/players/jim-zoet-1.html,Jim Zoet,2.9,.476,1.4,1.0,.429,0.4,63,7-1,2.3,3.2,0.55,4.3
/cbb/players/mark-zoller-1.html,Mark Zoller,9.1,.530,4.8,2.9,.719,2.1,115,6-6,3.0,12.4,-2.01,6.5
/cbb/players/klaas-zollner-1.html,Klaas Zollner,0.8,.326,0.3,0.6,.636,0.4,51,6-9,0.5,1.0,0.86,1.1
/cbb/players/vinny-zollo-1.html,Vinny Zollo,4.4,.363,1.6,1.0,.704,0.7,98,6-8,1.9,4.6,-0.06,3.7
/cbb/players/charles-zolot-1.html,Charles Zolot,8.1,.501,4.1,2.6,.667,1.7,53,6-4,2.7,9.9,-4.50,8.8
/cbb/players/chick-zomlefer-1.html,Chick Zomlefer,,,,,.583,,,,,,,
/cbb/players/matt-zona-1.html,Matt Zona,1.2,.286,0.4,0.4,.571,0.2,17,6-9,0.6,0.9,6.62,1.4
/cbb/players/mike-zona-1.html,Mike Zona,1.5,.491,0.7,0.7,.615,0.4,39,6-5,1.9,1.8,-2.91,1.5
/cbb/players/kenrick-zondervan-1.html,Kenrick Zondervan,3.5,.505,1.8,1.4,.625,0.9,111,6-9,2.1,4.4,0.56,3.3
/cbb/players/sean-zone-1.html,Sean Zone,6.0,.388,2.3,1.7,.603,1.0,44,6-8,1.7,6.0,-5.18,4.6
/cbb/players/bill-zopf-1.html,Bill Zopf,11.8,.436,5.2,3.8,.784,3.0,75,6-2,2.2,13.3,1.20,4.7
/cbb/players/noah-zoppi-1.html,Noah Zoppi,0.0,,0.0,0.0,,0.0,2,6-3,0.5,0.0,-3.65,1.0
/cbb/players/paul-zorad-1.html,Paul Zorad,0.5,.200,0.1,0.2,.500,0.1,20,6-8,0.7,0.3,3.68,0.5
/cbb/players/bob-zoretich-1.html,Bob Zoretich,11.2,.451,5.1,5.5,.578,3.2,50,6-7,3.3,13.3,2.23,7.8
/cbb/players/danijel-zoric-1.html,Danijel Zoric,4.9,.440,2.1,2.4,.698,1.7,48,6-9,2.0,6.0,0.45,3.5
/cbb/players/kristers-zoriks-1.html,Kristers Zoriks,2.4,.500,1.2,0.8,.722,0.6,23,6-4,0.9,3.7,5.24,1.0
/cbb/players/bill-zorn-1.html,Bill Zorn,1.2,.263,0.3,1.3,.591,0.8,33,6-0,1.0,1.4,,
/cbb/players/tyler-zornes-1.html,Tyler Zornes,2.5,.313,0.8,0.2,1.000,0.2,13,,0.5,2.4,-3.79,0.5
/cbb/players/dave-zornow-1.html,Dave Zornow,10.9,.335,3.7,5.2,.650,3.4,60,6-5,3.7,10.7,-6.29,10.7
/cbb/players/paul-zorsky-1.html,Paul Zorsky,1.2,.214,0.3,0.3,.000,0.0,12,,0.6,0.5,-8.91,0.8
/cbb/players/ezra-zoschke-1.html,Ezra Zoschke,0.3,.000,0.0,0.3,.500,0.1,7,5-9,0.1,0.1,8.53,0.6
/cbb/players/brian-zoubek-1.html,Brian Zoubek,2.8,.594,1.7,1.4,.609,0.8,133,7-1,2.2,4.2,9.51,4.5
/cbb/players/nisre-zouzoua-1.html,Nisre Zouzoua,9.8,.403,3.9,2.7,.795,2.2,114,6-3,2.2,11.9,-1.33,2.9
/cbb/players/adrian-zuber-1.html,Adrian Zuber,0.4,.000,0.0,0.0,,0.0,5,,0.0,0.0,-0.12,0.0
/cbb/players/dallas-zuber-1.html,Dallas Zuber,8.9,.385,3.4,4.4,.679,3.0,19,,2.6,9.8,,
/cbb/players/_-zuber-2.html,_ Zuber,,,4.6,6.0,.699,4.2,24,,1.7,13.4,,
/cbb/players/aitor-zubizarreta-1.html,Aitor Zubizarreta,0.7,.333,0.2,0.2,.714,0.2,32,6-3,0.9,0.6,2.20,0.5
/cbb/players/mark-zubor-1.html,Mark Zubor,11.1,.446,5.0,4.2,.702,2.9,70,6-6,2.4,12.9,4.98,7.4
/cbb/players/_-zucco-1.html,_ Zucco,,,0.2,,,0.3,6,,,0.7,,
/cbb/players/henry-zuchowski-1.html,Henry Zuchowski,6.3,.364,2.3,1.3,.591,0.8,17,6-4,1.5,5.4,7.32,3.4
/cbb/players/ed-zucker-1.html,Ed Zucker,4.7,.498,2.3,3.5,.650,2.3,89,6-7,1.9,7.0,0.35,3.3
/cbb/players/herbert-zuckerman-1.html,Herbert Zuckerman,,,1.0,,,1.0,5,,,3.0,,
/cbb/players/maros-zuffa-1.html,Maros Zuffa,1.9,.190,0.4,0.4,.500,0.2,11,6-5,0.6,1.3,0.17,1.2
/cbb/players/cale-zuiker-1.html,Cale Zuiker,0.9,.385,0.4,0.0,,0.0,14,6-9,0.2,1.1,-1.65,0.1
/cbb/players/jake-zuilhof-1.html,Jake Zuilhof,4.4,.536,2.3,2.6,.593,1.6,77,6-9,2.8,6.2,-5.42,5.1
/cbb/players/vladimir-zujovic-1.html,Vladimir Zujovic,3.1,.330,1.0,1.4,.702,1.0,34,,0.5,3.2,-5.65,1.2
/cbb/players/jay-zulauf-1.html,Jay Zulauf,2.5,.466,1.2,1.4,.738,1.0,60,6-8,0.5,3.5,2.02,1.8
/cbb/players/jon-zulauf-1.html,Jon Zulauf,2.4,.438,1.0,0.7,.508,0.3,99,6-6,0.8,2.4,9.99,1.8
/cbb/players/dick-zulch-1.html,Dick Zulch,1.0,.000,0.0,0.0,,0.0,1,,0.0,0.0,,
/cbb/players/gordie-zullges-1.html,Gordie Zullges,3.0,.487,1.5,0.6,.750,0.5,13,,1.2,3.4,-3.94,2.0
/cbb/players/jimmy-zullo-1.html,Jimmy Zullo,1.0,.000,0.0,0.5,.500,0.3,4,,0.8,0.3,-10.62,0.8
/cbb/players/arthur-zulu-1.html,Arthur Zulu,1.1,.500,0.6,0.2,.500,0.1,45,6-8,1.2,1.2,-2.98,1.1
/cbb/players/don-zumbro-1.html,Don Zumbro,5.2,.351,1.8,1.9,.510,1.0,52,6-2,1.3,4.6,1.77,2.9
/cbb/players/george-zumbro-1.html,George Zumbro,9.0,.437,3.9,2.6,.800,2.1,77,6-6,2.9,9.9,0.39,5.7
/cbb/players/chip-zumer-1.html,Chip Zumer,2.7,.371,1.0,1.4,.722,1.0,13,6-8,2.3,3.0,2.25,2.9
/cbb/players/neal-zumwalt-1.html,Neal Zumwalt,2.0,.385,0.8,0.2,.889,0.2,45,6-3,0.9,2.4,-1.48,0.9
/cbb/players/kyle-zunic-1.html,Kyle Zunic,5.5,.399,2.2,1.5,.705,1.0,113,6-2,1.4,6.5,-5.82,2.9
/cbb/players/carlos-zuniga-1.html,Carlos Zuniga,9.1,.481,4.4,3.2,.668,2.1,89,6-5,3.3,10.9,3.47,5.9
/cbb/players/dave-zupan-1.html,Dave Zupan,1.0,.167,0.2,,,,6,,0.3,0.3,,0.2
/cbb/players/zeljko-zupic-1.html,Zeljko Zupic,6.4,.408,2.6,2.3,.662,1.5,59,6-8,2.3,7.6,-0.98,6.2
/cbb/players/johnny-zuppardo-1.html,Johnny Zuppardo,2.1,.424,0.9,0.3,.688,0.2,55,6-9,1.5,2.3,2.75,1.7
/cbb/players/joe-zuravleff-1.html,Joe Zuravleff,,.271,,,.815,,,,,,,
/cbb/players/phil-zuravleff-1.html,Phil Zuravleff,5.1,.731,3.7,3.2,.547,1.8,49,5-11,3.1,9.2,-2.50,
/cbb/players/philip-zuravleff-1.html,Philip Zuravleff,10.7,.302,3.2,3.5,.531,1.9,23,5-11,2.7,8.3,-2.36,
/cbb/players/chris-zurcher-1.html,Chris Zurcher,0.6,.409,0.2,0.1,1.000,0.1,37,6-0,0.6,0.7,3.92,0.2
/cbb/players/kim-zurcher-1.html,Kim Zurcher,6.6,.427,2.8,1.3,.875,1.1,55,,2.4,7.8,8.19,1.5
/cbb/players/drew-zurek-1.html,Drew Zurek,5.8,.451,2.6,1.5,.738,1.1,113,6-9,,6.9,2.10,3.3
/cbb/players/george-zurenda-1.html,George Zurenda,2.5,.532,1.3,3.2,.633,2.0,19,,2.9,4.6,,3.3
/cbb/players/stephen-zurich-1.html,Stephen Zurich,0.1,.000,0.0,0.2,.250,0.0,21,6-5,0.3,0.0,6.95,0.3
/cbb/players/darren-zusack-1.html,Darren Zusack,0.6,.250,0.1,0.3,.500,0.1,7,6-5,0.0,0.4,0.40,0.1
/cbb/players/xabi-zusperreguy-1.html,Xabi Zusperreguy,0.3,.667,0.2,0.0,,0.0,9,6-8,,0.4,-2.62,0.4
/cbb/players/stanislav-zuzak-1.html,Stanislav Zuzak,6.2,.438,2.7,2.4,.650,1.5,119,6-11,2.2,7.9,-1.13,3.3
/cbb/players/al-zvinakis-1.html,Al Zvinakis,,,,,,,,,,,4.90,
/cbb/players/al-zvoda-1.html,Al Zvoda,1.0,1.000,1.0,1.0,.000,0.0,1,,0.0,2.0,,
/cbb/players/brian-zvonecek-1.html,Brian Zvonecek,0.5,.429,0.2,0.9,.577,0.5,30,6-7,0.0,0.9,1.93,0.5
/cbb/players/john-zwakman-1.html,John Zwakman,0.0,,0.0,2.0,1.000,2.0,2,6-3,0.0,2.0,6.32,0.5
/cbb/players/mark-zwart-1.html,Mark Zwart,3.6,.475,1.7,1.4,.630,0.9,116,6-8,2.5,4.3,0.50,3.8
/cbb/players/clint-zwayer-1.html,Clint Zwayer,1.5,.444,0.7,0.0,,0.0,6,6-5,0.3,1.8,0.30,0.5
/cbb/players/eric-zwayer-1.html,Eric Zwayer,4.5,.515,2.3,2.0,.691,1.4,114,6-9,2.5,6.0,2.23,3.8
/cbb/players/walter-zwick-1.html,Walter Zwick,1.6,.471,0.8,1.7,.400,0.7,21,,,2.2,-5.88,1.7
/cbb/players/serge-zwikker-1.html,Serge Zwikker,6.1,.501,3.0,1.2,.696,0.9,120,7-3,1.9,7.0,11.47,5.0
/cbb/players/joe-zych-1.html,Joe Zych,3.0,.343,1.0,0.9,.500,0.4,23,,1.5,2.5,-2.76,2.1
/cbb/players/lou-zykiewicz-1.html,Lou Zykiewicz,2.7,.333,0.9,1.8,.750,1.3,9,,,3.1,-4.16,
/cbb/players/jack-zyla-1.html,Jack Zyla,7.7,.400,3.1,1.2,.630,0.8,65,,1.7,7.0,-12.74,2.0
/cbb/players/michal-zylinski-1.html,Michal Zylinski,1.5,.333,0.5,0.0,,0.0,2,6-4,0.5,1.5,-6.49,0.5
/cbb/players/brock-zylstra-1.html,Brock Zylstra,4.1,.429,1.8,1.1,.674,0.7,119,6-6,1.3,5.1,3.51,2.8
/cbb/players/gene-zyzda-1.html,Gene Zyzda,1.5,.313,0.5,0.9,.417,0.4,52,6-8,1.0,1.3,4.77,1.6
